Threads,Time,Speedup
1,0.298856,1.01
2,0.162264,1.86
4,0.086631,3.48
7,0.055734,5.41
8,0.050062,6.03
16,0.049092,6.15
20,0.034715,8.69
40,0.029204,10.33
